,ERSSTv5
1854-01-31,-0.700409
1854-02-28,-0.7364582
1854-03-31,-0.35024363
1854-04-30,-0.06317387
1854-05-31,0.08542602
1854-06-30,-0.33123937
1854-07-31,-0.26579374
1854-08-31,-1.0026003
1854-09-30,-0.64035815
1854-10-31,-1.2662886
1854-11-30,-1.2593937
1854-12-31,-1.4861437
1855-01-31,-0.6569645
1855-02-28,0.16120848
1855-03-31,-0.099143386
1855-04-30,-0.0530246
1855-05-31,-0.0913309
1855-06-30,-0.40317702
1855-07-31,-0.3739589
1855-08-31,-0.32359117
1855-09-30,0.73969257
1855-10-31,0.6665672
1855-11-30,1.1525795
1855-12-31,1.0791738
1856-01-31,0.6174799
1856-02-29,0.26245505
1856-03-31,0.47984058
1856-04-30,-0.4538023
1856-05-31,-0.74263847
1856-06-30,-0.74046236
1856-07-31,-0.8721857
1856-08-31,-1.5941894
1856-09-30,-2.4774957
1856-10-31,-2.7678592
1856-11-30,-2.9245486
1856-12-31,-2.9804657
1857-01-31,-2.5165157
1857-02-28,-2.2197013
1857-03-31,-1.8549951
1857-04-30,-1.4425981
1857-05-31,-0.4660407
1857-06-30,0.19525726
1857-07-31,-0.18104191
1857-08-31,-0.75617015
1857-09-30,-0.19202007
1857-10-31,-0.41678253
1857-11-30,-0.3911996
1857-12-31,-0.39587796
1858-01-31,-0.10529797
1858-02-28,-0.22988339
1858-03-31,-0.3526138
1858-04-30,-0.38629556
1858-05-31,-0.40668407
1858-06-30,-0.4696737
1858-07-31,-0.46671838
1858-08-31,-0.6606885
1858-09-30,-0.6269723
1858-10-31,-0.41132784
1858-11-30,-0.13402292
1858-12-31,-0.25257596
1859-01-31,-0.019089023
1859-02-28,-0.41810656
1859-03-31,-0.40257534
1859-04-30,-0.8777522
1859-05-31,-0.7121902
1859-06-30,-0.40263256
1859-07-31,0.023492286
1859-08-31,0.05315563
1859-09-30,-0.52100354
1859-10-31,-0.45583338
1859-11-30,-0.2629272
1859-12-31,-0.48523235
1860-01-31,-0.78631705
1860-02-29,-1.1842679
1860-03-31,-1.067919
1860-04-30,-1.1775136
1860-05-31,-0.9399334
1860-06-30,-0.33747944
1860-07-31,-0.3530534
1860-08-31,-0.4389016
1860-09-30,-1.0325115
1860-10-31,-1.7465245
1860-11-30,-1.5251906
1860-12-31,-2.0053935
1861-01-31,-1.9183499
1861-02-28,-1.9121428
1861-03-31,-1.4806648
1861-04-30,-1.3572828
1861-05-31,-1.2510738
1861-06-30,-1.1375376
1861-07-31,-1.0443165
1861-08-31,-0.9903634
1861-09-30,-1.0244684
1861-10-31,-0.9776662
1861-11-30,-0.92729187
1861-12-31,-0.91575754
1862-01-31,-1.0081626
1862-02-28,-1.1855193
1862-03-31,-1.4160674
1862-04-30,-1.4375141
1862-05-31,-1.7102382
1862-06-30,-2.3347173
1862-07-31,-1.7068211
1862-08-31,-1.2813655
1862-09-30,-0.6102769
1862-10-31,-1.3564291
1862-11-30,-1.1043135
1862-12-31,-0.9893591
1863-01-31,-1.0151918
1863-02-28,-1.1947016
1863-03-31,-1.1639725
1863-04-30,-1.1045239
1863-05-31,-1.0041983
1863-06-30,-0.87918776
1863-07-31,-0.9097808
1863-08-31,-0.8730381
1863-09-30,-0.84725463
1863-10-31,-0.831927
1863-11-30,-0.8124324
1863-12-31,-0.8603212
1864-01-31,-0.7636231
1864-02-29,-0.7417289
1864-03-31,-0.7294964
1864-04-30,-0.7698236
1864-05-31,-0.7580562
1864-06-30,-0.7405658
1864-07-31,-0.701197
1864-08-31,-0.7562377
1864-09-30,-0.7353511
1864-10-31,-0.75645703
1864-11-30,-0.6844008
1864-12-31,-0.7606765
1865-01-31,-0.6457442
1865-02-28,-0.69817996
1865-03-31,-0.7156967
1865-04-30,-0.6881051
1865-05-31,-0.6651362
1865-06-30,-0.6604581
1865-07-31,-0.6426674
1865-08-31,-0.6616338
1865-09-30,-0.6624558
1865-10-31,-0.66613436
1865-11-30,-0.66917926
1865-12-31,-0.67111814
1866-01-31,-0.73605806
1866-02-28,-0.7268347
1866-03-31,-0.73518467
1866-04-30,-0.7178213
1866-05-31,-0.7039421
1866-06-30,-0.70335823
1866-07-31,-0.70030963
1866-08-31,-0.70072925
1866-09-30,-0.6788522
1866-10-31,-0.71569186
1866-11-30,-0.71691215
1866-12-31,-0.6991066
1867-01-31,-0.7753962
1867-02-28,-0.78789836
1867-03-31,-0.780715
1867-04-30,-0.7837413
1867-05-31,-0.88143283
1867-06-30,-0.82094955
1867-07-31,-0.79999274
1867-08-31,-0.79172665
1867-09-30,-0.7946571
1867-10-31,-0.77957696
1867-11-30,-0.78190887
1867-12-31,-0.6823101
1868-01-31,-0.6892107
1868-02-29,-0.76794755
1868-03-31,-0.69849706
1868-04-30,-0.92077
1868-05-31,-0.81957376
1868-06-30,-0.6503552
1868-07-31,-0.6900447
1868-08-31,-0.74531496
1868-09-30,-0.8743585
1868-10-31,-0.8400487
1868-11-30,-0.82386273
1868-12-31,-0.92486763
1869-01-31,-0.89530677
1869-02-28,-0.8508242
1869-03-31,-0.81846637
1869-04-30,-0.7425752
1869-05-31,-0.6433705
1869-06-30,-0.7231127
1869-07-31,-1.1172106
1869-08-31,-2.1320052
1869-09-30,-2.382945
1869-10-31,-2.152256
1869-11-30,-0.70075905
1869-12-31,-1.5689216
1870-01-31,-1.2894132
1870-02-28,-2.2938092
1870-03-31,-1.8772242
1870-04-30,-1.9109577
1870-05-31,-1.9666841
1870-06-30,-1.5976413
1870-07-31,-1.5255343
1870-08-31,-1.4070009
1870-09-30,-1.4151733
1870-10-31,-1.5763594
1870-11-30,-1.3648031
1870-12-31,-1.4275097
1871-01-31,-1.1409652
1871-02-28,-1.2064493
1871-03-31,-0.59890354
1871-04-30,-0.123878196
1871-05-31,-0.41613063
1871-06-30,-0.38968125
1871-07-31,-0.29373384
1871-08-31,-0.12504642
1871-09-30,-0.10881772
1871-10-31,-0.4506051
1871-11-30,-0.5308855
1871-12-31,-0.6441193
1872-01-31,-1.0419967
1872-02-29,-1.1821193
1872-03-31,-1.2312095
1872-04-30,-1.173649
1872-05-31,-1.0421174
1872-06-30,-1.12202
1872-07-31,0.0999415
1872-08-31,-1.2972753
1872-09-30,-1.1504443
1872-10-31,-1.7717373
1872-11-30,-1.6005528
1872-12-31,-1.5701036
1873-01-31,-1.5739878
1873-02-28,-1.7798668
1873-03-31,-1.617371
1873-04-30,-1.235256
1873-05-31,-0.99788696
1873-06-30,-0.5638439
1873-07-31,-0.28850937
1873-08-31,-0.105912626
1873-09-30,-0.23198983
1873-10-31,-1.0509391
1873-11-30,-1.0109129
1873-12-31,-1.0508969
1874-01-31,-1.5190703
1874-02-28,-1.836022
1874-03-31,-1.7503818
1874-04-30,-1.5450222
1874-05-31,-1.4044523
1874-06-30,-1.1773293
1874-07-31,-1.3176845
1874-08-31,-1.2454345
1874-09-30,-1.3519751
1874-10-31,-1.3566086
1874-11-30,-1.601648
1874-12-31,-1.4242407
1875-01-31,-0.91235316
1875-02-28,-0.9974543
1875-03-31,-0.7771336
1875-04-30,-0.9185608
1875-05-31,-0.86287916
1875-06-30,-0.9924571
1875-07-31,-0.8124183
1875-08-31,-0.984001
1875-09-30,-1.0781125
1875-10-31,-1.3278582
1875-11-30,-1.1059042
1875-12-31,-1.012693
1876-01-31,-0.75370324
1876-02-29,-1.2059789
1876-03-31,-1.3345512
1876-04-30,-1.7358614
1876-05-31,-1.5173607
1876-06-30,-0.6331675
1876-07-31,-0.050117034
1876-08-31,-0.33827513
1876-09-30,-0.5072373
1876-10-31,-0.042447776
1876-11-30,0.038309447
1876-12-31,0.25748083
1877-01-31,0.4341468
1877-02-28,0.38248566
1877-03-31,0.7307147
1877-04-30,0.58148736
1877-05-31,0.31957212
1877-06-30,0.37349072
1877-07-31,1.069052
1877-08-31,1.9252832
1877-09-30,1.9607255
1877-10-31,2.0971098
1877-11-30,2.4551494
1877-12-31,2.397437
1878-01-31,2.380697
1878-02-28,2.504561
1878-03-31,0.85015917
1878-04-30,1.2402748
1878-05-31,1.2022619
1878-06-30,-0.08865471
1878-07-31,-0.8488679
1878-08-31,-0.75209194
1878-09-30,-1.110354
1878-10-31,-1.3915412
1878-11-30,-1.5805438
1878-12-31,-1.4104888
1879-01-31,-1.2775922
1879-02-28,-0.4568799
1879-03-31,-0.7863614
1879-04-30,-0.7409499
1879-05-31,-0.8394488
1879-06-30,-1.0210017
1879-07-31,-1.3306772
1879-08-31,-1.3177345
1879-09-30,-1.3016903
1879-10-31,-1.5869931
1879-11-30,-1.618289
1879-12-31,-1.3848972
1880-01-31,-1.8194733
1880-02-29,-1.4580472
1880-03-31,-0.75949496
1880-04-30,-1.1007385
1880-05-31,-0.45006785
1880-06-30,-0.31451315
1880-07-31,-0.28020808
1880-08-31,-0.34459576
1880-09-30,-0.21667401
1880-10-31,-0.18357553
1880-11-30,-0.15040635
1880-12-31,-0.14637819
1881-01-31,0.015359661
1881-02-28,-0.030862207
1881-03-31,0.28077194
1881-04-30,0.24614644
1881-05-31,0.18808457
1881-06-30,0.007094869
1881-07-31,-0.12160502
1881-08-31,-0.275873
1881-09-30,-0.36583188
1881-10-31,-0.6265014
1881-11-30,-0.6284249
1881-12-31,-0.072449245
1882-01-31,-0.5511597
1882-02-28,-0.28390068
1882-03-31,0.033414043
1882-04-30,0.21105278
1882-05-31,0.112242505
1882-06-30,-0.5622998
1882-07-31,-0.8206172
1882-08-31,-0.6939342
1882-09-30,-1.1150978
1882-10-31,-1.3149936
1882-11-30,-1.3303316
1882-12-31,-1.0096115
1883-01-31,-0.69281405
1883-02-28,-0.29129383
1883-03-31,-0.06829058
1883-04-30,0.25696218
1883-05-31,-0.20586677
1883-06-30,-0.33447364
1883-07-31,-0.24811022
1883-08-31,-0.43116552
1883-09-30,-0.6099812
1883-10-31,-0.54713994
1883-11-30,-0.3021378
1883-12-31,-0.44904035
1884-01-31,-0.087346084
1884-02-29,0.025140833
1884-03-31,-0.42824394
1884-04-30,0.09553411
1884-05-31,0.05186416
1884-06-30,-0.06471057
1884-07-31,-0.3664799
1884-08-31,-0.5564498
1884-09-30,0.04114621
1884-10-31,0.031355076
1884-11-30,0.329629
1884-12-31,0.30912277
1885-01-31,0.22817221
1885-02-28,-0.055360455
1885-03-31,-0.185297
1885-04-30,-0.39854527
1885-05-31,-0.23321363
1885-06-30,-0.079678796
1885-07-31,-0.13890088
1885-08-31,-0.15401366
1885-09-30,0.26504916
1885-10-31,0.7702532
1885-11-30,0.7489706
1885-12-31,0.6574045
1886-01-31,0.2685499
1886-02-28,-0.418297
1886-03-31,-0.8846756
1886-04-30,-0.719801
1886-05-31,-1.1529477
1886-06-30,-1.7000297
1886-07-31,-1.4512962
1886-08-31,-1.4057815
1886-09-30,-1.4389812
1886-10-31,-1.7569803
1886-11-30,-1.8580978
1886-12-31,-2.4462147
1887-01-31,-2.601961
1887-02-28,-2.455681
1887-03-31,-1.6655114
1887-04-30,-1.3264424
1887-05-31,-1.2462324
1887-06-30,-0.96921635
1887-07-31,-0.67552423
1887-08-31,-0.5262528
1887-09-30,-0.46538106
1887-10-31,-0.4195176
1887-11-30,-0.19104289
1887-12-31,-0.16121082
1888-01-31,0.11204912
1888-02-29,0.44234315
1888-03-31,0.36163348
1888-04-30,0.28891888
1888-05-31,0.2554245
1888-06-30,0.50644076
1888-07-31,0.45038795
1888-08-31,0.47581625
1888-09-30,1.0382062
1888-10-31,1.5198288
1888-11-30,1.7749283
1888-12-31,2.151013
1889-01-31,2.165958
1889-02-28,1.9782546
1889-03-31,1.1214527
1889-04-30,0.750912
1889-05-31,0.41859856
1889-06-30,-0.23574686
1889-07-31,-1.6134831
1889-08-31,-1.662783
1889-09-30,-1.8830372
1889-10-31,-2.431816
1889-11-30,-2.0767152
1889-12-31,-1.9999145
1890-01-31,-2.086469
1890-02-28,-2.5279434
1890-03-31,-1.6352212
1890-04-30,-1.4440563
1890-05-31,-0.9423725
1890-06-30,-0.9219972
1890-07-31,-1.0300753
1890-08-31,-1.0367327
1890-09-30,-1.2777754
1890-10-31,-1.2652853
1890-11-30,-1.3338461
1890-12-31,-0.35216993
1891-01-31,0.013873236
1891-02-28,-0.21417072
1891-03-31,-0.25986683
1891-04-30,0.34270057
1891-05-31,0.2727798
1891-06-30,0.1720798
1891-07-31,-0.044285774
1891-08-31,-0.31456864
1891-09-30,-0.47920078
1891-10-31,-0.2914833
1891-11-30,-0.16064091
1891-12-31,-0.3485053
1892-01-31,-0.5630316
1892-02-29,-0.52662754
1892-03-31,-0.8100468
1892-04-30,-0.63909334
1892-05-31,-0.70182174
1892-06-30,-0.86951315
1892-07-31,-1.1957939
1892-08-31,-1.4958076
1892-09-30,-1.6999277
1892-10-31,-2.0667968
1892-11-30,-1.8889011
1892-12-31,-1.694904
1893-01-31,-1.5647476
1893-02-28,-1.4843999
1893-03-31,-1.5616907
1893-04-30,-1.4069563
1893-05-31,-1.1920903
1893-06-30,-1.1405728
1893-07-31,-1.3560721
1893-08-31,-1.6022736
1893-09-30,-1.5725641
1893-10-31,-1.8747698
1893-11-30,-1.6129768
1893-12-31,-1.5326759
1894-01-31,-1.5364072
1894-02-28,-1.5908926
1894-03-31,-1.6846931
1894-04-30,-1.3703867
1894-05-31,-1.1599536
1894-06-30,-0.94909036
1894-07-31,-1.404472
1894-08-31,-1.2011709
1894-09-30,-1.3833182
1894-10-31,-1.2865766
1894-11-30,-1.2590647
1894-12-31,-0.870343
1895-01-31,-0.87515366
1895-02-28,-1.1161711
1895-03-31,-0.9650613
1895-04-30,-0.61674035
1895-05-31,0.08321442
1895-06-30,-0.19962302
1895-07-31,-0.21779712
1895-08-31,-0.27446732
1895-09-30,0.01110476
1895-10-31,0.074788705
1895-11-30,0.10825864
1895-12-31,0.24675682
1896-01-31,-0.035704643
1896-02-29,-0.03006413
1896-03-31,0.04137519
1896-04-30,0.16588417
1896-05-31,0.0055250325
1896-06-30,0.4133827
1896-07-31,0.8624085
1896-08-31,0.8041326
1896-09-30,0.75750214
1896-10-31,0.8865024
1896-11-30,1.5328342
1896-12-31,1.5475765
1897-01-31,1.3649242
1897-02-28,0.8506137
1897-03-31,0.2435132
1897-04-30,-0.18543722
1897-05-31,-0.3097301
1897-06-30,-0.35676783
1897-07-31,-0.31798103
1897-08-31,-0.5685089
1897-09-30,-0.5164344
1897-10-31,-0.8042262
1897-11-30,-1.3873593
1897-12-31,-0.7813746
1898-01-31,-0.44029647
1898-02-28,-0.78422916
1898-03-31,-1.3493459
1898-04-30,-0.72514784
1898-05-31,-0.50139445
1898-06-30,-0.5921069
1898-07-31,-1.1196735
1898-08-31,-1.4207683
1898-09-30,-1.2884653
1898-10-31,-1.1994386
1898-11-30,-1.2257532
1898-12-31,-1.3659565
1899-01-31,-0.92658615
1899-02-28,-1.1736763
1899-03-31,-0.881343
1899-04-30,-0.18028279
1899-05-31,-0.29901952
1899-06-30,-0.4321
1899-07-31,-0.21595326
1899-08-31,-0.055682313
1899-09-30,0.013996081
1899-10-31,0.19074874
1899-11-30,0.8576047
1899-12-31,1.1408244
1900-01-31,1.1392419
1900-02-28,1.1005304
1900-03-31,0.92183465
1900-04-30,0.7631201
1900-05-31,0.8543833
1900-06-30,0.5803965
1900-07-31,0.479913
1900-08-31,-0.034033995
1900-09-30,-0.18522
1900-10-31,-0.061757643
1900-11-30,-0.14162634
1900-12-31,-0.013261473
1901-01-31,0.20107703
1901-02-28,0.14385606
1901-03-31,-0.27190238
1901-04-30,-0.18464927
1901-05-31,-0.5785399
1901-06-30,-0.747722
1901-07-31,-0.843322
1901-08-31,-0.8324183
1901-09-30,-0.8616622
1901-10-31,-0.9317936
1901-11-30,-0.6331725
1901-12-31,-0.52584165
1902-01-31,-0.28621846
1902-02-28,-0.37041408
1902-03-31,-0.116512164
1902-04-30,0.52005506
1902-05-31,0.3929426
1902-06-30,0.77761114
1902-07-31,1.1892977
1902-08-31,1.3686445
1902-09-30,1.522084
1902-10-31,1.7253479
1902-11-30,1.770443
1902-12-31,1.4139074
1903-01-31,1.2576697
1903-02-28,1.0346901
1903-03-31,0.50612485
1903-04-30,-0.048132367
1903-05-31,-0.35966474
1903-06-30,-0.5011465
1903-07-31,-0.8953196
1903-08-31,-1.6946522
1903-09-30,-1.6627134
1903-10-31,-1.6915381
1903-11-30,-1.6992483
1903-12-31,-1.4931954
1904-01-31,-1.8747171
1904-02-29,-1.9448903
1904-03-31,-1.8502748
1904-04-30,-0.9541621
1904-05-31,-0.6107391
1904-06-30,-0.40669972
1904-07-31,-0.37047094
1904-08-31,-0.33950782
1904-09-30,-0.4502833
1904-10-31,-0.1879869
1904-11-30,0.32147622
1904-12-31,0.55605483
1905-01-31,0.5870618
1905-02-28,0.64090496
1905-03-31,0.64844465
1905-04-30,0.8155508
1905-05-31,0.88131726
1905-06-30,0.8725815
1905-07-31,0.9967989
1905-08-31,1.096475
1905-09-30,1.1966984
1905-10-31,0.7763268
1905-11-30,0.6663665
1905-12-31,0.78157777
1906-01-31,0.62529296
1906-02-28,0.14255387
1906-03-31,0.020848189
1906-04-30,-0.29919443
1906-05-31,-0.55711216
1906-06-30,-0.7902194
1906-07-31,-0.9744272
1906-08-31,-1.3486234
1906-09-30,-1.166892
1906-10-31,-0.8164768
1906-11-30,-0.9820692
1906-12-31,-1.2151321
1907-01-31,-1.2447424
1907-02-28,-1.3039105
1907-03-31,-1.1600654
1907-04-30,-0.84961396
1907-05-31,-0.55960405
1907-06-30,-0.45194358
1907-07-31,-0.52568924
1907-08-31,-0.19114403
1907-09-30,-0.45805484
1907-10-31,-0.34739906
1907-11-30,-0.59483844
1907-12-31,-0.59906083
1908-01-31,-0.264295
1908-02-29,-0.33469215
1908-03-31,-0.589059
1908-04-30,-1.1030434
1908-05-31,-1.0107661
1908-06-30,-0.87855875
1908-07-31,-0.7810715
1908-08-31,-1.011224
1908-09-30,-1.257947
1908-10-31,-1.4294271
1908-11-30,-1.3881574
1908-12-31,-1.7389185
1909-01-31,-1.8643119
1909-02-28,-1.5922226
1909-03-31,-1.0455999
1909-04-30,-1.0390804
1909-05-31,-0.96886444
1909-06-30,-1.0161263
1909-07-31,-1.1274608
1909-08-31,-1.2085308
1909-09-30,-1.8617961
1909-10-31,-1.9369335
1909-11-30,-1.7816168
1909-12-31,-1.7703998
1910-01-31,-1.8767874
1910-02-28,-1.9906471
1910-03-31,-2.221252
1910-04-30,-1.3906581
1910-05-31,-1.1977564
1910-06-30,-1.1438699
1910-07-31,-1.3792909
1910-08-31,-1.5405324
1910-09-30,-1.7306583
1910-10-31,-1.5592406
1910-11-30,-1.3852956
1910-12-31,-1.4835243
1911-01-31,-1.4581393
1911-02-28,-1.3856294
1911-03-31,-1.2588704
1911-04-30,-0.97132313
1911-05-31,-0.7882287
1911-06-30,-0.22919889
1911-07-31,0.124353185
1911-08-31,0.10329753
1911-09-30,-0.20417413
1911-10-31,0.64359254
1911-11-30,0.7465367
1911-12-31,1.0105965
1912-01-31,1.0321814
1912-02-29,0.847396
1912-03-31,0.79778737
1912-04-30,0.4633789
1912-05-31,0.23169422
1912-06-30,-0.4093167
1912-07-31,-0.49880117
1912-08-31,-0.33428466
1912-09-30,-1.0037231
1912-10-31,-1.0086637
1912-11-30,-1.0980548
1912-12-31,-1.0135562
1913-01-31,-0.7691947
1913-02-28,-0.724742
1913-03-31,-0.71323574
1913-04-30,-0.3741478
1913-05-31,-0.14735715
1913-06-30,-0.15576933
1913-07-31,-0.16061287
1913-08-31,-0.27106276
1913-09-30,-0.4609685
1913-10-31,-0.4142384
1913-11-30,0.21273968
1913-12-31,0.79681987
1914-01-31,0.9179147
1914-02-28,0.4445692
1914-03-31,0.33957705
1914-04-30,0.05303641
1914-05-31,0.42324582
1914-06-30,0.06714633
1914-07-31,0.46689773
1914-08-31,0.5556984
1914-09-30,0.92704535
1914-10-31,1.1515034
1914-11-30,0.85256004
1914-12-31,1.1453422
1915-01-31,1.0985019
1915-02-28,0.86253345
1915-03-31,0.22659186
1915-04-30,0.6767929
1915-05-31,0.751112
1915-06-30,0.34936577
1915-07-31,-0.23533869
1915-08-31,-0.7381446
1915-09-30,-0.97667885
1915-10-31,-1.3484008
1915-11-30,-1.5986598
1915-12-31,-1.5095669
1916-01-31,-0.8163722
1916-02-29,-1.0514492
1916-03-31,-0.6313115
1916-04-30,-1.4961016
1916-05-31,-0.80511796
1916-06-30,-1.319479
1916-07-31,-0.9095005
1916-08-31,-1.2525381
1916-09-30,-1.6225407
1916-10-31,-2.3361418
1916-11-30,-2.726096
1916-12-31,-2.5574555
1917-01-31,-2.7659297
1917-02-28,-2.167767
1917-03-31,-1.8277458
1917-04-30,-1.1478078
1917-05-31,-1.1053568
1917-06-30,-1.3141264
1917-07-31,-1.4656098
1917-08-31,-1.8838167
1917-09-30,-1.6520771
1917-10-31,-2.334524
1917-11-30,-2.1510727
1917-12-31,-1.4968865
1918-01-31,-1.1087816
1918-02-28,-0.8325654
1918-03-31,-1.1959716
1918-04-30,-0.9401952
1918-05-31,-0.16698873
1918-06-30,0.13868558
1918-07-31,-0.17568654
1918-08-31,0.002371198
1918-09-30,0.10367308
1918-10-31,0.99472487
1918-11-30,1.7152306
1918-12-31,1.5744201
1919-01-31,1.2329004
1919-02-28,0.7013874
1919-03-31,0.7376497
1919-04-30,-0.9510398
1919-05-31,-0.59511226
1919-06-30,-0.8208393
1919-07-31,-0.7391464
1919-08-31,-1.3556231
1919-09-30,-0.43701762
1919-10-31,0.15662274
1919-11-30,-0.11414492
1919-12-31,0.63683665
1920-01-31,0.37370294
1920-02-29,0.49689284
1920-03-31,0.1589872
1920-04-30,-0.22587498
1920-05-31,-0.4844416
1920-06-30,-0.060386192
1920-07-31,0.11653034
1920-08-31,-0.057543743
1920-09-30,-0.56123394
1920-10-31,-0.8066365
1920-11-30,-0.50584763
1920-12-31,-0.7626058
1921-01-31,-0.77464294
1921-02-28,-1.737463
1921-03-31,-2.5001607
1921-04-30,-1.9695828
1921-05-31,-0.9256954
1921-06-30,-1.0450824
1921-07-31,-0.4841118
1921-08-31,-0.097671375
1921-09-30,-0.164375
1921-10-31,0.5276431
1921-11-30,0.7567867
1921-12-31,0.2925479
1922-01-31,0.066122316
1922-02-28,-1.0168635
1922-03-31,-0.45645818
1922-04-30,-1.0757515
1922-05-31,-0.5961483
1922-06-30,-0.9532016
1922-07-31,-1.3655183
1922-08-31,-1.6640968
1922-09-30,-1.7868116
1922-10-31,-1.6276474
1922-11-30,-1.0079372
1922-12-31,-1.143811
1923-01-31,-1.2541806
1923-02-28,-1.3795867
1923-03-31,-0.46875072
1923-04-30,-0.48093587
1923-05-31,-0.24227722
1923-06-30,-0.13388856
1923-07-31,-0.25025812
1923-08-31,-0.09195896
1923-09-30,0.03649751
1923-10-31,0.35836083
1923-11-30,0.43295202
1923-12-31,0.45971608
1924-01-31,0.4038126
1924-02-29,0.1138242
1924-03-31,0.0602188
1924-04-30,-0.31682152
1924-05-31,-0.54064363
1924-06-30,-1.0414019
1924-07-31,-1.4193337
1924-08-31,-1.5519886
1924-09-30,-1.8297304
1924-10-31,-1.9113792
1924-11-30,-1.980863
1924-12-31,-1.9755596
1925-01-31,-1.8575252
1925-02-28,-1.8161252
1925-03-31,-0.82406443
1925-04-30,-0.7215521
1925-05-31,-0.7030501
1925-06-30,-0.68900967
1925-07-31,-0.284422
1925-08-31,-0.04845252
1925-09-30,0.031552587
1925-10-31,0.42642808
1925-11-30,0.87512034
1925-12-31,1.1034472
1926-01-31,1.1429474
1926-02-28,0.7571703
1926-03-31,0.907125
1926-04-30,0.6760758
1926-05-31,0.2971335
1926-06-30,0.015155691
1926-07-31,-0.21903315
1926-08-31,-0.55080277
1926-09-30,-1.0261481
1926-10-31,-1.4732296
1926-11-30,-1.3645728
1926-12-31,-1.0591329
1927-01-31,-0.9278142
1927-02-28,-0.77924615
1927-03-31,-0.7527039
1927-04-30,-0.9931086
1927-05-31,-0.8912547
1927-06-30,-0.550939
1927-07-31,-0.6130637
1927-08-31,-0.620648
1927-09-30,-0.37109137
1927-10-31,-0.09327765
1927-11-30,-0.31457406
1927-12-31,-0.32266736
1928-01-31,-0.09055205
1928-02-29,-0.28864256
1928-03-31,-0.50031453
1928-04-30,-0.5212966
1928-05-31,-0.44325113
1928-06-30,-0.64020365
1928-07-31,-0.35711014
1928-08-31,-0.43250865
1928-09-30,-0.6226293
1928-10-31,-0.74025565
1928-11-30,-0.6460706
1928-12-31,-0.56998324
1929-01-31,-0.8382214
1929-02-28,-0.9243393
1929-03-31,-0.6899762
1929-04-30,-0.70551807
1929-05-31,-0.64072764
1929-06-30,-0.522069
1929-07-31,-0.39031464
1929-08-31,-0.45723
1929-09-30,-0.35396656
1929-10-31,-0.30008125
1929-11-30,-0.23989113
1929-12-31,-0.09413665
1930-01-31,0.072307706
1930-02-28,0.10715182
1930-03-31,-0.019302618
1930-04-30,-0.053912133
1930-05-31,-0.01540334
1930-06-30,0.41459456
1930-07-31,0.33802855
1930-08-31,0.362377
1930-09-30,0.6052097
1930-10-31,0.9402448
1930-11-30,1.0611722
1930-12-31,1.0097429
1931-01-31,1.0150354
1931-02-28,0.90238476
1931-03-31,0.44331756
1931-04-30,0.371455
1931-05-31,0.26872972
1931-06-30,0.031839542
1931-07-31,-0.115307614
1931-08-31,-0.4220532
1931-09-30,-1.1195172
1931-10-31,-1.376303
1931-11-30,-1.2330322
1931-12-31,-1.1245894
1932-01-31,-1.1144311
1932-02-29,-0.84929836
1932-03-31,-0.38480234
1932-04-30,-0.1255647
1932-05-31,-0.05793137
1932-06-30,-0.12633753
1932-07-31,-0.2295249
1932-08-31,-0.5644352
1932-09-30,-0.8059066
1932-10-31,-0.717379
1932-11-30,-0.6696026
1932-12-31,-0.9151002
1933-01-31,-0.9505598
1933-02-28,-1.0646727
1933-03-31,-0.9932145
1933-04-30,-0.91511333
1933-05-31,-1.0301958
1933-06-30,-1.3313007
1933-07-31,-1.5490897
1933-08-31,-1.763236
1933-09-30,-1.8350925
1933-10-31,-2.009744
1933-11-30,-2.0524867
1933-12-31,-1.9566991
1934-01-31,-1.5861374
1934-02-28,-1.2953818
1934-03-31,-1.2997136
1934-04-30,-1.1197364
1934-05-31,-0.7150637
1934-06-30,-0.45244694
1934-07-31,-0.39891845
1934-08-31,-0.5385937
1934-09-30,-0.9468392
1934-10-31,-0.7120315
1934-11-30,-0.6860674
1934-12-31,-0.66168606
1935-01-31,-0.77702093
1935-02-28,-0.7405721
1935-03-31,-0.69290626
1935-04-30,-0.9406533
1935-05-31,-0.79685414
1935-06-30,-0.6711704
1935-07-31,-0.58589077
1935-08-31,-0.48517495
1935-09-30,-0.42262077
1935-10-31,-0.3595131
1935-11-30,-0.47949466
1935-12-31,-0.61642635
1936-01-31,-0.66470015
1936-02-29,-0.58974004
1936-03-31,-0.6333504
1936-04-30,-0.39119345
1936-05-31,-0.42963618
1936-06-30,-0.5477842
1936-07-31,-0.72244406
1936-08-31,-0.67693484
1936-09-30,-0.61190426
1936-10-31,-0.6825604
1936-11-30,-0.8772484
1936-12-31,-0.98015434
1937-01-31,-1.0833917
1937-02-28,-0.623789
1937-03-31,-0.4976089
1937-04-30,-0.6809944
1937-05-31,-0.6064699
1937-06-30,-0.41464758
1937-07-31,-0.521505
1937-08-31,-0.32575497
1937-09-30,-0.2957492
1937-10-31,-0.32276934
1937-11-30,-0.4309326
1937-12-31,-0.6381796
1938-01-31,-1.1342798
1938-02-28,-1.3392802
1938-03-31,-1.1431677
1938-04-30,-1.3350496
1938-05-31,-1.2069229
1938-06-30,-1.6638546
1938-07-31,-2.104176
1938-08-31,-2.1062732
1938-09-30,-1.6441462
1938-10-31,-1.387458
1938-11-30,-1.4446706
1938-12-31,-1.5810663
1939-01-31,-1.7900383
1939-02-28,-1.6915181
1939-03-31,-0.7212856
1939-04-30,-0.47619876
1939-05-31,-0.16058418
1939-06-30,-0.22038206
1939-07-31,-0.021420069
1939-08-31,0.07083478
1939-09-30,-0.40361443
1939-10-31,-0.39542016
1939-11-30,-0.7331961
1939-12-31,-0.2548019
1940-01-31,0.67639697
1940-02-29,0.64699256
1940-03-31,0.914786
1940-04-30,0.27398884
1940-05-31,0.38453254
1940-06-30,0.32683653
1940-07-31,0.35637456
1940-08-31,0.7946635
1940-09-30,0.61243826
1940-10-31,0.326414
1940-11-30,1.2820752
1940-12-31,1.8595425
1941-01-31,1.78584
1941-02-28,1.9004767
1941-03-31,1.3357999
1941-04-30,0.8854312
1941-05-31,0.9110405
1941-06-30,0.6222085
1941-07-31,0.5102949
1941-08-31,0.45038024
1941-09-30,0.27431244
1941-10-31,0.5802168
1941-11-30,0.9296977
1941-12-31,0.9803356
1942-01-31,0.43382663
1942-02-28,0.10766474
1942-03-31,0.17536707
1942-04-30,0.21268483
1942-05-31,-0.18583725
1942-06-30,-0.57299817
1942-07-31,-1.3664572
1942-08-31,-1.7695106
1942-09-30,-2.1850445
1942-10-31,-2.1764445
1942-11-30,-2.1738906
1942-12-31,-2.144524
1943-01-31,-2.2720907
1943-02-28,-2.2065835
1943-03-31,-1.5466727
1943-04-30,-1.0717895
1943-05-31,-0.64926463
1943-06-30,-0.33109173
1943-07-31,-0.30219728
1943-08-31,-0.27410173
1943-09-30,-0.76547736
1943-10-31,-0.9994054
1943-11-30,-0.79843134
1943-12-31,-0.7453047
1944-01-31,-0.6951258
1944-02-29,-0.3200546
1944-03-31,0.20531388
1944-04-30,0.32115132
1944-05-31,-0.025457675
1944-06-30,-0.13167879
1944-07-31,0.007953556
1944-08-31,-0.32934678
1944-09-30,-0.77918166
1944-10-31,-1.3280709
1944-11-30,-1.018326
1944-12-31,-0.93355054
1945-01-31,-0.92470235
1945-02-28,-0.99690115
1945-03-31,-1.0983919
1945-04-30,-1.0127995
1945-05-31,-0.38336343
1945-06-30,-1.1734936
1945-07-31,-0.92089766
1945-08-31,-0.89427596
1945-09-30,-0.7029586
1945-10-31,-2.0413585
1945-11-30,-0.36728168
1945-12-31,-0.33194685
1946-01-31,-0.3407124
1946-02-28,-1.3578163
1946-03-31,-0.94902074
1946-04-30,-0.5362664
1946-05-31,-0.25116688
1946-06-30,-1.009503
1946-07-31,-1.3524684
1946-08-31,-1.9585346
1946-09-30,-1.7234129
1946-10-31,-0.8781463
1946-11-30,-0.75213605
1946-12-31,0.3325697
1947-01-31,-0.28544158
1947-02-28,-0.21457176
1947-03-31,-0.16489713
1947-04-30,-0.19218244
1947-05-31,0.16924605
1947-06-30,-0.19291715
1947-07-31,-0.49619165
1947-08-31,-0.7746612
1947-09-30,-0.70677626
1947-10-31,-1.6919153
1947-11-30,-1.8395567
1947-12-31,-0.24049798
1948-01-31,0.16307122
1948-02-29,0.26703674
1948-03-31,-0.85134184
1948-04-30,0.10342188
1948-05-31,0.2345907
1948-06-30,-0.6220315
1948-07-31,-1.1197487
1948-08-31,-1.2262461
1948-09-30,-1.4076979
1948-10-31,-1.5166019
1948-11-30,-1.5983036
1948-12-31,-0.73946077
1949-01-31,-0.64477164
1949-02-28,-0.8040469
1949-03-31,-0.4803679
1949-04-30,-0.34269118
1949-05-31,-0.9261667
1949-06-30,-1.1584457
1949-07-31,-1.0290325
1949-08-31,-0.87099457
1949-09-30,-0.92915356
1949-10-31,-1.2422931
1949-11-30,-1.6401379
1949-12-31,-2.0822928
1950-01-31,-2.0384161
1950-02-28,-1.7238123
1950-03-31,-1.3800299
1950-04-30,-1.4062595
1950-05-31,-1.6239872
1950-06-30,-1.093016
1950-07-31,-0.868783
1950-08-31,-0.93399465
1950-09-30,-1.0237687
1950-10-31,-1.0117428
1950-11-30,-1.1873112
1950-12-31,-1.3125207
1951-01-31,-1.3431946
1951-02-28,-1.0675051
1951-03-31,-0.34744242
1951-04-30,-0.10208416
1951-05-31,0.10939467
1951-06-30,0.16659774
1951-07-31,0.4422244
1951-08-31,0.20114815
1951-09-30,0.4642459
1951-10-31,0.5008865
1951-11-30,0.6009934
1951-12-31,0.3106653
1952-01-31,0.07656396
1952-02-29,-0.040050346
1952-03-31,-0.07272421
1952-04-30,0.114223026
1952-05-31,-0.025607461
1952-06-30,-0.3808743
1952-07-31,-0.62460357
1952-08-31,-0.51710564
1952-09-30,-0.4030376
1952-10-31,-0.44163662
1952-11-30,-0.7346195
1952-12-31,-0.3991513
1953-01-31,0.14006415
1953-02-28,0.20875172
1953-03-31,0.31174916
1953-04-30,0.3373569
1953-05-31,0.45811686
1953-06-30,0.55445147
1953-07-31,0.27467376
1953-08-31,0.117867805
1953-09-30,0.2419424
1953-10-31,0.172727
1953-11-30,0.22561069
1953-12-31,0.4001298
1954-01-31,0.37857834
1954-02-28,0.23756996
1954-03-31,-0.34845024
1954-04-30,-1.0451316
1954-05-31,-0.7033032
1954-06-30,-0.77238786
1954-07-31,-1.0459945
1954-08-31,-1.3943521
1954-09-30,-1.6442467
1954-10-31,-1.4704651
1954-11-30,-1.0866792
1954-12-31,-1.3441021
1955-01-31,-0.9781414
1955-02-28,-0.9745137
1955-03-31,-1.0286651
1955-04-30,-1.0849577
1955-05-31,-1.1625187
1955-06-30,-1.0192268
1955-07-31,-1.0108554
1955-08-31,-1.3099816
1955-09-30,-1.4789858
1955-10-31,-2.2869937
1955-11-30,-2.3989005
1955-12-31,-2.036071
1956-01-31,-1.2542903
1956-02-29,-1.0172802
1956-03-31,-0.79162234
1956-04-30,-0.83750075
1956-05-31,-0.6868032
1956-06-30,-0.7528855
1956-07-31,-0.92647094
1956-08-31,-1.1414859
1956-09-30,-1.0325079
1956-10-31,-0.95298517
1956-11-30,-1.0916983
1956-12-31,-0.89974785
1957-01-31,-0.5587617
1957-02-28,-0.25314537
1957-03-31,0.19930336
1957-04-30,0.53406006
1957-05-31,0.7207655
1957-06-30,0.78345597
1957-07-31,0.99663794
1957-08-31,0.86761415
1957-09-30,0.66626185
1957-10-31,0.7114686
1957-11-30,0.96417606
1957-12-31,1.2862295
1958-01-31,1.7182541
1958-02-28,1.4464582
1958-03-31,1.0085638
1958-04-30,0.58137274
1958-05-31,0.486394
1958-06-30,0.421146
1958-07-31,0.16424985
1958-08-31,0.03115422
1958-09-30,-0.35879657
1958-10-31,-0.2494919
1958-11-30,0.098749444
1958-12-31,0.009255645
1959-01-31,0.47191986
1959-02-28,0.38800904
1959-03-31,0.21164909
1959-04-30,0.18348877
1959-05-31,-0.12234863
1959-06-30,-0.19916292
1959-07-31,-0.71859735
1959-08-31,-0.7259368
1959-09-30,-0.8361775
1959-10-31,-0.4570743
1959-11-30,-0.60878736
1959-12-31,-0.4268794
1960-01-31,-0.3348194
1960-02-29,-0.4996439
1960-03-31,-0.26998273
1960-04-30,-0.20636237
1960-05-31,-0.1394096
1960-06-30,-0.32879376
1960-07-31,-0.27649403
1960-08-31,-0.12496705
1960-09-30,-0.3288473
1960-10-31,-0.48127747
1960-11-30,-0.404224
1960-12-31,-0.38633823
1961-01-31,-0.36593783
1961-02-28,-0.23346627
1961-03-31,-0.3168121
1961-04-30,-0.32618773
1961-05-31,-0.07061332
1961-06-30,0.09429568
1961-07-31,-0.27948758
1961-08-31,-0.63508874
1961-09-30,-0.9804757
1961-10-31,-0.9917097
1961-11-30,-0.58589345
1961-12-31,-0.6294439
1962-01-31,-0.63472337
1962-02-28,-0.5959428
1962-03-31,-0.45054626
1962-04-30,-0.5616718
1962-05-31,-0.7674407
1962-06-30,-0.48605976
1962-07-31,-0.39696857
1962-08-31,-0.49190822
1962-09-30,-0.8240733
1962-10-31,-0.7319496
1962-11-30,-0.89931947
1962-12-31,-0.9352821
1963-01-31,-0.826718
1963-02-28,-0.56264704
1963-03-31,-0.076625034
1963-04-30,0.091860995
1963-05-31,-0.18645366
1963-06-30,0.049566258
1963-07-31,0.62213624
1963-08-31,0.65453744
1963-09-30,0.6340569
1963-10-31,0.6574054
1963-11-30,0.80990756
1963-12-31,1.0033342
1964-01-31,0.7338416
1964-02-29,0.33892244
1964-03-31,-0.23659019
1964-04-30,-0.74715745
1964-05-31,-1.0008762
1964-06-30,-0.98082954
1964-07-31,-0.82166034
1964-08-31,-1.2280185
1964-09-30,-1.4402236
1964-10-31,-1.3326361
1964-11-30,-1.3955656
1964-12-31,-1.3848302
1965-01-31,-0.9410635
1965-02-28,-0.59000146
1965-03-31,-0.3080322
1965-04-30,-0.3111886
1965-05-31,0.17226803
1965-06-30,0.52261865
1965-07-31,0.74270594
1965-08-31,1.1438732
1965-09-30,1.2404206
1965-10-31,1.4575857
1965-11-30,1.4562004
1965-12-31,1.3418194
1966-01-31,1.0662957
1966-02-28,0.7615534
1966-03-31,0.9537875
1966-04-30,0.46591672
1966-05-31,-0.26917377
1966-06-30,0.07179304
1966-07-31,0.17036034
1966-08-31,-0.3338287
1966-09-30,-0.48672563
1966-10-31,-0.4717639
1966-11-30,-0.42349252
1966-12-31,-0.58271277
1967-01-31,-0.7201084
1967-02-28,-0.6730916
1967-03-31,-0.7487276
1967-04-30,-0.9466181
1967-05-31,-0.46584335
1967-06-30,-0.097399615
1967-07-31,-0.19024473
1967-08-31,-0.38631392
1967-09-30,-0.90648365
1967-10-31,-0.72983056
1967-11-30,-0.5756142
1967-12-31,-0.65888613
1968-01-31,-0.9064711
1968-02-29,-1.0988626
1968-03-31,-0.9182962
1968-04-30,-0.59120476
1968-05-31,-0.62858164
1968-06-30,0.30741417
1968-07-31,0.4153389
1968-08-31,0.19099848
1968-09-30,-0.036434174
1968-10-31,0.052268177
1968-11-30,0.5465375
1968-12-31,0.66061723
1969-01-31,0.9002409
1969-02-28,1.0695927
1969-03-31,0.5711108
1969-04-30,0.44279212
1969-05-31,0.47305375
1969-06-30,0.13306002
1969-07-31,-0.06948401
1969-08-31,0.20421763
1969-09-30,0.3930246
1969-10-31,0.64476407
1969-11-30,0.45782837
1969-12-31,0.37840027
1970-01-31,0.2381939
1970-02-28,0.16997345
1970-03-31,-0.10603718
1970-04-30,0.052288126
1970-05-31,-0.18567495
1970-06-30,-0.5269388
1970-07-31,-0.94477165
1970-08-31,-1.2196407
1970-09-30,-1.1179758
1970-10-31,-1.1021651
1970-11-30,-1.0840977
1970-12-31,-1.336023
1971-01-31,-1.7776845
1971-02-28,-1.596536
1971-03-31,-1.3255267
1971-04-30,-1.0547291
1971-05-31,-0.8640375
1971-06-30,-0.9652227
1971-07-31,-1.0279065
1971-08-31,-1.0685437
1971-09-30,-1.0471611
1971-10-31,-1.2295854
1971-11-30,-1.0984839
1971-12-31,-1.2356603
1972-01-31,-0.9662528
1972-02-29,-0.48218375
1972-03-31,-0.16447453
1972-04-30,0.2026309
1972-05-31,0.49482545
1972-06-30,0.6185991
1972-07-31,0.9853462
1972-08-31,1.1274974
1972-09-30,1.1831055
1972-10-31,1.5595515
1972-11-30,1.9454225
1972-12-31,2.0739453
1973-01-31,1.7352715
1973-02-28,1.1576064
1973-03-31,0.29728538
1973-04-30,-0.44471997
1973-05-31,-0.8499099
1973-06-30,-1.0137527
1973-07-31,-1.3932729
1973-08-31,-1.5872694
1973-09-30,-1.6932818
1973-10-31,-1.9591324
1973-11-30,-2.3104758
1973-12-31,-2.264678
1974-01-31,-2.132904
1974-02-28,-1.679869
1974-03-31,-1.4021639
1974-04-30,-1.2189553
1974-05-31,-1.1712677
1974-06-30,-1.0292554
1974-07-31,-0.7577826
1974-08-31,-0.48496956
1974-09-30,-0.6861345
1974-10-31,-0.9243328
1974-11-30,-1.0444041
1974-12-31,-0.9801172
1975-01-31,-0.500358
1975-02-28,-0.7104047
1975-03-31,-1.0539984
1975-04-30,-0.825138
1975-05-31,-1.0151345
1975-06-30,-1.3275814
1975-07-31,-1.2485063
1975-08-31,-1.4776938
1975-09-30,-1.7015667
1975-10-31,-1.8092678
1975-11-30,-1.6046795
1975-12-31,-1.9348663
1976-01-31,-2.055833
1976-02-29,-1.2990968
1976-03-31,-0.79510003
1976-04-30,-0.80332774
1976-05-31,-0.6170172
1976-06-30,-0.21469513
1976-07-31,-0.028928155
1976-08-31,0.16290314
1976-09-30,0.26015106
1976-10-31,0.76501596
1976-11-30,0.7563225
1976-12-31,0.47860613
1977-01-31,0.72279435
1977-02-28,0.34049782
1977-03-31,0.22014618
1977-04-30,-0.2478861
1977-05-31,-0.09573941
1977-06-30,0.17604771
1977-07-31,0.22677512
1977-08-31,0.031202596
1977-09-30,0.35703874
1977-10-31,0.6405813
1977-11-30,0.5321111
1977-12-31,0.6834208
1978-01-31,0.5674173
1978-02-28,0.21723652
1978-03-31,-0.16091558
1978-04-30,-0.5742511
1978-05-31,-0.6187866
1978-06-30,-0.5437907
1978-07-31,-0.4143153
1978-08-31,-0.7473872
1978-09-30,-0.7453323
1978-10-31,-0.44684845
1978-11-30,-0.32675985
1978-12-31,-0.064774886
1979-01-31,-0.18119657
1979-02-28,-0.24879992
1979-03-31,0.016970987
1979-04-30,0.14600353
1979-05-31,-0.12374137
1979-06-30,-0.1282377
1979-07-31,-0.32479376
1979-08-31,-0.0613044
1979-09-30,0.23495355
1979-10-31,0.13585696
1979-11-30,0.34122592
1979-12-31,0.508767
1980-01-31,0.48988152
1980-02-29,0.18777658
1980-03-31,0.057440024
1980-04-30,0.06440321
1980-05-31,0.19846809
1980-06-30,0.37706196
1980-07-31,0.08094257
1980-08-31,-0.33520502
1980-09-30,-0.31474194
1980-10-31,-0.23390925
1980-11-30,-0.048825722
1980-12-31,0.040826254
1981-01-31,-0.40946752
1981-02-28,-0.66843337
1981-03-31,-0.59939164
1981-04-30,-0.39788795
1981-05-31,-0.4555986
1981-06-30,-0.2961232
1981-07-31,-0.49893194
1981-08-31,-0.49203286
1981-09-30,-0.23438811
1981-10-31,-0.2782065
1981-11-30,-0.35795623
1981-12-31,-0.20292416
1982-01-31,0.08032342
1982-02-28,-0.19273359
1982-03-31,0.16444354
1982-04-30,0.3394156
1982-05-31,0.5689186
1982-06-30,0.6944367
1982-07-31,0.50818896
1982-08-31,0.7632964
1982-09-30,1.4489982
1982-10-31,1.9982618
1982-11-30,1.9629358
1982-12-31,2.1843777
1983-01-31,2.28529
1983-02-28,1.8959347
1983-03-31,1.406348
1983-04-30,1.079241
1983-05-31,1.0221989
1983-06-30,0.7151757
1983-07-31,0.040432036
1983-08-31,-0.21539275
1983-09-30,-0.55176526
1983-10-31,-1.1242588
1983-11-30,-1.2308778
1983-12-31,-1.029639
1984-01-31,-0.71925217
1984-02-29,-0.22256601
1984-03-31,-0.48231536
1984-04-30,-0.5492953
1984-05-31,-0.61817205
1984-06-30,-0.73660827
1984-07-31,-0.36798915
1984-08-31,-0.20915492
1984-09-30,-0.3797959
1984-10-31,-0.6562903
1984-11-30,-1.1318562
1984-12-31,-1.3448668
1985-01-31,-1.205324
1985-02-28,-0.75536543
1985-03-31,-0.7550737
1985-04-30,-1.041852
1985-05-31,-0.90874815
1985-06-30,-0.750018
1985-07-31,-0.60018396
1985-08-31,-0.5190463
1985-09-30,-0.7394438
1985-10-31,-0.4675207
1985-11-30,-0.32464856
1985-12-31,-0.41316396
1986-01-31,-0.7052954
1986-02-28,-0.7270289
1986-03-31,-0.37695166
1986-04-30,-0.20079315
1986-05-31,-0.4088544
1986-06-30,-0.13709876
1986-07-31,0.028181339
1986-08-31,0.3561106
1986-09-30,0.48443395
1986-10-31,0.8196437
1986-11-30,1.0539253
1986-12-31,1.1089888
1987-01-31,1.0780362
1987-02-28,1.0973442
1987-03-31,1.0132663
1987-04-30,0.7050142
1987-05-31,0.7411887
1987-06-30,1.0802947
1987-07-31,1.4286875
1987-08-31,1.6004034
1987-09-30,1.6025902
1987-10-31,1.2574173
1987-11-30,1.1218818
1987-12-31,0.9378579
1988-01-31,0.85332716
1988-02-29,0.2448688
1988-03-31,0.12938008
1988-04-30,-0.31363434
1988-05-31,-1.1322736
1988-06-30,-1.5714257
1988-07-31,-1.5933257
1988-08-31,-1.1479803
1988-09-30,-1.0385656
1988-10-31,-1.8706992
1988-11-30,-1.9936736
1988-12-31,-1.9655422
1989-01-31,-2.0072458
1989-02-28,-1.4999931
1989-03-31,-1.1728791
1989-04-30,-0.94248724
1989-05-31,-0.7507482
1989-06-30,-0.4185092
1989-07-31,-0.43464455
1989-08-31,-0.48930198
1989-09-30,-0.34192413
1989-10-31,-0.3800319
1989-11-30,-0.40088576
1989-12-31,-0.1407249
1990-01-31,-0.034451924
1990-02-28,0.18342304
1990-03-31,0.079961576
1990-04-30,0.20934959
1990-05-31,0.20110615
1990-06-30,0.083657525
1990-07-31,0.23201227
1990-08-31,0.2614595
1990-09-30,0.18196179
1990-10-31,0.23851764
1990-11-30,0.15965061
1990-12-31,0.35268974
1991-01-31,0.44058833
1991-02-28,0.286513
1991-03-31,0.07223646
1991-04-30,0.32117796
1991-05-31,0.38731578
1991-06-30,0.6873105
1991-07-31,0.9018757
1991-08-31,0.7148811
1991-09-30,0.38169324
1991-10-31,0.8805342
1991-11-30,1.2419294
1991-12-31,1.6706448
1992-01-31,1.7720506
1992-02-29,1.7334297
1992-03-31,1.4022917
1992-04-30,1.3207191
1992-05-31,1.1514978
1992-06-30,0.7397196
1992-07-31,0.3636468
1992-08-31,0.095140055
1992-09-30,-0.1004912
1992-10-31,-0.27595475
1992-11-30,-0.22991212
1992-12-31,-0.15699455
1993-01-31,0.098485306
1993-02-28,0.3802733
1993-03-31,0.42014837
1993-04-30,0.7168642
1993-05-31,0.8923191
1993-06-30,0.51871043
1993-07-31,0.36512813
1993-08-31,0.17237668
1993-09-30,0.3134356
1993-10-31,0.08034037
1993-11-30,0.05895402
1993-12-31,0.15558024
1994-01-31,0.04970263
1994-02-28,0.025697563
1994-03-31,0.1342111
1994-04-30,0.3835018
1994-05-31,0.42001286
1994-06-30,0.47685018
1994-07-31,0.38587895
1994-08-31,0.5661741
1994-09-30,0.43547955
1994-10-31,0.7757451
1994-11-30,1.1611364
1994-12-31,1.2461095
1995-01-31,0.9719248
1995-02-28,0.702287
1995-03-31,0.49849445
1995-04-30,0.41182128
1995-05-31,0.009161493
1995-06-30,0.026499307
1995-07-31,-0.068086565
1995-08-31,-0.5829011
1995-09-30,-0.8742607
1995-10-31,-0.85079
1995-11-30,-1.0457253
1995-12-31,-0.94430315
1996-01-31,-0.89978045
1996-02-29,-0.88741934
1996-03-31,-0.571254
1996-04-30,-0.33544195
1996-05-31,-0.26475194
1996-06-30,-0.2701459
1996-07-31,-0.29658616
1996-08-31,-0.1762752
1996-09-30,-0.48480564
1996-10-31,-0.42193788
1996-11-30,-0.35983878
1996-12-31,-0.6480371
1997-01-31,-0.576122
1997-02-28,-0.40128893
1997-03-31,-0.20952049
1997-04-30,0.29170352
1997-05-31,0.7585224
1997-06-30,1.2526608
1997-07-31,1.6966515
1997-08-31,1.9284347
1997-09-30,2.086335
1997-10-31,2.3760695
1997-11-30,2.4572546
1997-12-31,2.279915
1998-01-31,2.3271782
1998-02-28,1.9942013
1998-03-31,1.3697551
1998-04-30,0.91795886
1998-05-31,0.699288
1998-06-30,-0.21162388
1998-07-31,-0.83300275
1998-08-31,-1.2248611
1998-09-30,-1.2869408
1998-10-31,-1.4361808
1998-11-30,-1.4046757
1998-12-31,-1.684761
1999-01-31,-1.728582
1999-02-28,-1.3487539
1999-03-31,-0.91669196
1999-04-30,-0.98288935
1999-05-31,-1.0222509
1999-06-30,-1.019707
1999-07-31,-1.0212687
1999-08-31,-1.1740419
1999-09-30,-1.1249315
1999-10-31,-1.2139664
1999-11-30,-1.5256952
1999-12-31,-1.7378817
2000-01-31,-1.8057369
2000-02-29,-1.5667498
2000-03-31,-0.94825184
2000-04-30,-0.731141
2000-05-31,-0.739377
2000-06-30,-0.61327684
2000-07-31,-0.52281797
2000-08-31,-0.44526067
2000-09-30,-0.55203086
2000-10-31,-0.6724579
2000-11-30,-0.7333512
2000-12-31,-0.9173775
2001-01-31,-0.7751564
2001-02-28,-0.657205
2001-03-31,-0.44206244
2001-04-30,-0.35622272
2001-05-31,-0.21191204
2001-06-30,-0.02311953
2001-07-31,0.10196253
2001-08-31,-0.009807113
2001-09-30,-0.23764253
2001-10-31,-0.121305026
2001-11-30,-0.31343773
2001-12-31,-0.40944862
2002-01-31,-0.19622758
2002-02-28,-0.06954925
2002-03-31,0.042839695
2002-04-30,0.15456803
2002-05-31,0.42656326
2002-06-30,0.8800023
2002-07-31,0.8795595
2002-08-31,0.90730506
2002-09-30,1.0493755
2002-10-31,1.2612333
2002-11-30,1.5103787
2002-12-31,1.362961
2003-01-31,0.55735767
2003-02-28,0.6101804
2003-03-31,0.3986472
2003-04-30,-0.0083564585
2003-05-31,-0.491973
2003-06-30,-0.11897485
2003-07-31,0.34693947
2003-08-31,0.29604203
2003-09-30,0.2281374
2003-10-31,0.443957
2003-11-30,0.39091054
2003-12-31,0.43311816
2004-01-31,0.22923951
2004-02-29,0.20636527
2004-03-31,0.1537554
2004-04-30,0.19682267
2004-05-31,0.17120768
2004-06-30,0.2907196
2004-07-31,0.6183952
2004-08-31,0.7908993
2004-09-30,0.76664937
2004-10-31,0.7439089
2004-11-30,0.7095377
2004-12-31,0.7370987
2005-01-31,0.6122185
2005-02-28,0.3293745
2005-03-31,0.48014998
2005-04-30,0.39059952
2005-05-31,0.42183536
2005-06-30,0.21233103
2005-07-31,-0.08359284
2005-08-31,-0.0084551
2005-09-30,-0.07176237
2005-10-31,-0.043437652
2005-11-30,-0.5404059
2005-12-31,-0.9257506
2006-01-31,-0.95739925
2006-02-28,-0.70220023
2006-03-31,-0.6753216
2006-04-30,-0.18632166
2006-05-31,0.02928797
2006-06-30,0.16780916
2006-07-31,0.14834026
2006-08-31,0.34898177
2006-09-30,0.5638586
2006-10-31,0.7223331
2006-11-30,1.0449501
2006-12-31,1.1358744
2007-01-31,0.65530604
2007-02-28,0.103688225
2007-03-31,-0.13998953
2007-04-30,-0.18243115
2007-05-31,-0.3525268
2007-06-30,-0.18875018
2007-07-31,-0.4458166
2007-08-31,-0.67869234
2007-09-30,-1.1484857
2007-10-31,-1.3660885
2007-11-30,-1.478354
2007-12-31,-1.582795
2008-01-31,-1.7249527
2008-02-29,-1.692589
2008-03-31,-1.1717823
2008-04-30,-0.85781085
2008-05-31,-0.72437745
2008-06-30,-0.5168547
2008-07-31,-0.15691574
2008-08-31,-0.08892417
2008-09-30,-0.2897748
2008-10-31,-0.32705376
2008-11-30,-0.4049251
2008-12-31,-0.86221856
2009-01-31,-0.932961
2009-02-28,-0.81882745
2009-03-31,-0.66004914
2009-04-30,-0.21875052
2009-05-31,0.17602818
2009-06-30,0.48101586
2009-07-31,0.6243504
2009-08-31,0.6051878
2009-09-30,0.64427626
2009-10-31,0.9105104
2009-11-30,1.5030363
2009-12-31,1.7283709
2010-01-31,1.4663957
2010-02-28,1.2213538
2010-03-31,0.9332185
2010-04-30,0.5180591
2010-05-31,-0.09555491
2010-06-30,-0.51710534
2010-07-31,-0.92469966
2010-08-31,-1.3387723
2010-09-30,-1.6280181
2010-10-31,-1.6640108
2010-11-30,-1.5876663
2010-12-31,-1.6065502
2011-01-31,-1.579798
2011-02-28,-1.1287555
2011-03-31,-0.8755022
2011-04-30,-0.6231512
2011-05-31,-0.39766154
2011-06-30,-0.20741048
2011-07-31,-0.2778201
2011-08-31,-0.59635013
2011-09-30,-0.83146477
2011-10-31,-1.021944
2011-11-30,-1.1240871
2011-12-31,-1.0591382
2012-01-31,-0.91259944
2012-02-29,-0.7018956
2012-03-31,-0.57623005
2012-04-30,-0.36802927
2012-05-31,-0.2021143
2012-06-30,0.18719016
2012-07-31,0.38884738
2012-08-31,0.50437295
2012-09-30,0.33944243
2012-10-31,0.2814439
2012-11-30,0.20517512
2012-12-31,-0.26106238
2013-01-31,-0.5655864
2013-02-28,-0.53856957
2013-03-31,-0.21430287
2013-04-30,-0.11650796
2013-05-31,-0.28077275
2013-06-30,-0.2621358
2013-07-31,-0.24940291
2013-08-31,-0.33913082
2013-09-30,-0.2181088
2013-10-31,-0.17784607
2013-11-30,-0.08836579
2013-12-31,-0.17404544
2014-01-31,-0.5440671
2014-02-28,-0.65373814
2014-03-31,-0.24885674
2014-04-30,0.20894805
2014-05-31,0.4262104
2014-06-30,0.3834298
2014-07-31,0.0698761
2014-08-31,0.0065632164
2014-09-30,0.24019341
2014-10-31,0.45249113
2014-11-30,0.79430884
2014-12-31,0.7001271
2015-01-31,0.47515553
2015-02-28,0.40578038
2015-03-31,0.5174699
2015-04-30,0.82960355
2015-05-31,1.0364428
2015-06-30,1.3414856
2015-07-31,1.5940651
2015-08-31,1.9614277
2015-09-30,2.158643
2015-10-31,2.3764243
2015-11-30,2.7612033
2015-12-31,2.654006
2016-01-31,2.5147953
2016-02-29,2.2191548
2016-03-31,1.6583805
2016-04-30,1.040457
2016-05-31,0.43358856
2016-06-30,0.15006177
2016-07-31,-0.3227168
2016-08-31,-0.52050275
2016-09-30,-0.60018504
2016-10-31,-0.7078673
2016-11-30,-0.6942643
2016-12-31,-0.50167054
2017-01-31,-0.46205086
2017-02-28,-0.10569324
2017-03-31,0.07449354
2017-04-30,0.34306917
2017-05-31,0.4805386
2017-06-30,0.5077506
2017-07-31,0.4076921
2017-08-31,-0.10337739
2017-09-30,-0.46045637
2017-10-31,-0.53644115
2017-11-30,-0.90145206
2017-12-31,-0.99202365
2018-01-31,-1.0288031
2018-02-28,-0.8153657
2018-03-31,-0.7670265
2018-04-30,-0.3796777
2018-05-31,-0.08174588
2018-06-30,0.22007303
2018-07-31,0.27822426
2018-08-31,0.14749181
2018-09-30,0.44167787
2018-10-31,0.93087435
2018-11-30,0.9660864
2018-12-31,0.8835293
2019-01-31,0.60516983
2019-02-28,0.68806416
2019-03-31,0.8427218
2019-04-30,0.7545673
2019-05-31,0.67434794
2019-06-30,0.62035704
2019-07-31,0.49529415
2019-08-31,0.090371676
2019-09-30,0.00048713683
2019-10-31,0.5108566
2019-11-30,0.5790707
2019-12-31,0.51817286
2020-01-31,0.55746305
2020-02-29,0.3383553
2020-03-31,0.5130476
2020-04-30,0.49251136
2020-05-31,-0.15501551
2020-06-30,-0.17071837
2020-07-31,-0.15735355
2020-08-31,-0.5456227
2020-09-30,-0.8687277
2020-10-31,-1.2316905
2020-11-30,-1.3663347
2020-12-31,-1.1554635
