-- DROP INDEX DEPT.DEPTDEPTNO;
-- DROP INDEX STU.STUSTNO;
-- DROP INDEX TEACHER.TEACHERTNO;

-- DROP TABLE TEACHER;
-- DROP TABLE STU;
-- DROP TABLE DEPT;

CREATE TABLE DEPT(
    DEPTNO INTEGER PRIMARY KEY,
    DNAME VARCHAR(18) NOT NULL,
    HEAD CHAR(10) NOT NULL);

CREATE TABLE STU(
    STNO CHAR(10) PRIMARY KEY,
    NAME VARCHAR(20) NOT NULL,
    AGE INTEGER NOT NULL,
    MONIT CHAR(10) NOT NULL,
    MACR INTEGER NOT NULL,
    MICR INTEGER,
    EDATE DATETIME NOT NULL,
    DEPTNO INTEGER NOT NULL,
    FOREIGN KEY (MONIT) REFERENCES STU(STNO),
    FOREIGN KEY (DEPTNO) REFERENCES DEPT(DEPTNO));

CREATE TABLE TEACHER(
    TNO CHAR(10) PRIMARY KEY,
    NAME VARCHAR(20) NOT NULL,
    AGE INTEGER NOT NULL,
    WDATE DATETIME NOT NULL,
    DEPTNO INTEGER NOT NULL,
    FOREIGN KEY (DEPTNO) REFERENCES DEPT(DEPTNO));

CREATE INDEX DEPTDEPTNO ON DEPT(DEPTNO);
CREATE INDEX STUSTNO ON STU(STNO);
CREATE INDEX TEACHERTNO ON TEACHER(TNO);

INSERT
    INTO DEPT (DEPTNO,DNAME,HEAD)
    VALUES (1,'未央书院',1988032801);
INSERT
    INTO DEPT (DEPTNO,DNAME,HEAD)
    VALUES (6,'电子系',1960123002);
INSERT
    INTO DEPT (DEPTNO,DNAME,HEAD)
    VALUES (7,'数学系',1959090101);
INSERT
    INTO DEPT (DEPTNO,DNAME,HEAD)
    VALUES (20,'马克思主义学院',1948040905);
INSERT
    INTO DEPT (DEPTNO,DNAME,HEAD)
    VALUES (23,'计算机系',1967070802);
INSERT
    INTO DEPT (DEPTNO,DNAME,HEAD)
    VALUES (40,'苏世民书院',1972082103);

INSERT
    INTO STU (STNO,NAME,AGE,MONIT,MACR,MICR,EDATE,DEPTNO)
    VALUES (2021012203,'王秩齐',18,2021012203,35,NULL,'09/01/2021',1);
INSERT
    INTO STU (STNO,NAME,AGE,MONIT,MACR,MICR,EDATE,DEPTNO)
    VALUES (2021012377,'李思',19,2021012203,26,NULL,'09/01/2021',1);
INSERT
    INTO STU (STNO,NAME,AGE,MONIT,MACR,MICR,EDATE,DEPTNO)
    VALUES (2022012423,'WANG DONG',19,2022012423,29,NULL,'09/01/2022',1);
INSERT
    INTO STU (STNO,NAME,AGE,MONIT,MACR,MICR,EDATE,DEPTNO)
    VALUES (2021012315,'晋席',20,2021012315,26,NULL,'09/01/2021',1);
INSERT
    INTO STU (STNO,NAME,AGE,MONIT,MACR,MICR,EDATE,DEPTNO)
    VALUES (2022012572,'吴涛',18,2022012423,26,NULL,'09/01/2022',1);
INSERT
    INTO STU (STNO,NAME,AGE,MONIT,MACR,MICR,EDATE,DEPTNO)
    VALUES (2021010247,'刘一一',19,2021010247,26,5,'09/01/2021',6);
INSERT
    INTO STU (STNO,NAME,AGE,MONIT,MACR,MICR,EDATE,DEPTNO)
    VALUES (2021010248,'赵乐',19,2021010247,30,5,'09/01/2021',6);
INSERT
    INTO STU (STNO,NAME,AGE,MONIT,MACR,MICR,EDATE,DEPTNO)
    VALUES (2022010355,'辛克嘉',17,2022010355,20,NULL,'09/01/2022',6);
INSERT
    INTO STU (STNO,NAME,AGE,MONIT,MACR,MICR,EDATE,DEPTNO)
    VALUES (2022010511,'钱星',18,2022010511,22,10,'09/01/2022',7);
INSERT
    INTO STU (STNO,NAME,AGE,MONIT,MACR,MICR,EDATE,DEPTNO)
    VALUES (2019011038,'关山越',22,2019011038,25,2,'09/01/2019',7);
INSERT
    INTO STU (STNO,NAME,AGE,MONIT,MACR,MICR,EDATE,DEPTNO)
    VALUES (2021011444,'廖华',18,2021011444,28,NULL,'09/01/2021',20);
INSERT
    INTO STU (STNO,NAME,AGE,MONIT,MACR,MICR,EDATE,DEPTNO)
    VALUES (2022011444,'皮希',20,2022011444,26,NULL,'09/01/2022',20);
INSERT
    INTO STU (STNO,NAME,AGE,MONIT,MACR,MICR,EDATE,DEPTNO)
    VALUES (2021010001,'法政',20,2021010001,8,NULL,'09/01/2021',23);
INSERT
    INTO STU (STNO,NAME,AGE,MONIT,MACR,MICR,EDATE,DEPTNO)
    VALUES (2021010049,'李力',20,2021010001,26,6,'09/01/2021',23);
INSERT
    INTO STU (STNO,NAME,AGE,MONIT,MACR,MICR,EDATE,DEPTNO)
    VALUES (2021010077,'公孙畡',19,2021010077,25,12,'09/01/2021',23);
INSERT
    INTO STU (STNO,NAME,AGE,MONIT,MACR,MICR,EDATE,DEPTNO)
    VALUES (2020010040,'姚知祁',20,2020010040,30,NULL,'09/01/2020',23);
INSERT
    INTO STU (STNO,NAME,AGE,MONIT,MACR,MICR,EDATE,DEPTNO)
    VALUES (2022010109,'Zras Praqam',19,2022010109,14,NULL,'09/01/2022',40);
INSERT
    INTO STU (STNO,NAME,AGE,MONIT,MACR,MICR,EDATE,DEPTNO)
    VALUES (2022010095,'蔡倪儿',18,2022010109,12,NULL,'09/01/2022',40);

INSERT
    INTO TEACHER (TNO,NAME,AGE,WDATE,DEPTNO)
    VALUES (1988032801,'朱浩宇',34,'02/25/2018',1);
INSERT
    INTO TEACHER (TNO,NAME,AGE,WDATE,DEPTNO)
    VALUES (1983101410,'钟帅',39,'09/10/2010',1);
INSERT
    INTO TEACHER (TNO,NAME,AGE,WDATE,DEPTNO)
    VALUES (1977011814,'安岩',45,'09/10/1999',6);
INSERT
    INTO TEACHER (TNO,NAME,AGE,WDATE,DEPTNO)
    VALUES (1967010203,'朱天',55,'02/25/1995',6);
INSERT
    INTO TEACHER (TNO,NAME,AGE,WDATE,DEPTNO)
    VALUES (1959090101,'艾尹',63,'09/10/2000',7);
INSERT
    INTO TEACHER (TNO,NAME,AGE,WDATE,DEPTNO)
    VALUES (1948040905,'王枫鸣',74,'02/25/1984',20);
INSERT
    INTO TEACHER (TNO,NAME,AGE,WDATE,DEPTNO)
    VALUES (1981021111,'周鑫苏',41,'09/10/2009',23);
INSERT
    INTO TEACHER (TNO,NAME,AGE,WDATE,DEPTNO)
    VALUES (1967070802,'黎强',55,'02/25/1997',23);
INSERT
    INTO TEACHER (TNO,NAME,AGE,WDATE,DEPTNO)
    VALUES (1972082103,'Peter Handson',50,'09/10/2000',40);
INSERT
    INTO TEACHER (TNO,NAME,AGE,WDATE,DEPTNO)
    VALUES (1973073101,'ZHANG SAN',49,'09/10/1991',40);

/*(1)*/
SELECT *
    FROM DEPT;

/*(2)*/
SELECT NAME,AGE,MACR
    FROM STU
    ORDER BY MACR DESC;

/*(3)*/
SELECT NAME
    FROM STU
    WHERE DEPTNO=23;

/*(4)*/
SELECT NAME
    FROM STU
    WHERE EDATE BETWEEN '01/01/2019' AND '01/01/2021';

/*(5)*/
SELECT DISTINCT STU.DEPTNO,COUNT(DISTINCT STNO),AVG(MACR+ISNULL(MICR,0))
    FROM DEPT,STU
    GROUP BY STU.DEPTNO;

/*(6)*/
SELECT *
    FROM STU X
    WHERE X.DEPTNO=20 AND X.MACR>(
        SELECT AVG(MACR)
        FROM STU Y
        WHERE Y.DEPTNO=20);

/*(7)*/
SELECT *
    FROM STU X
    WHERE X.DEPTNO=23 AND X.EDATE<=ALL(
        SELECT EDATE
        FROM STU Y
        WHERE Y.DEPTNO=23);

/*(8)*/
SELECT DNAME,DEPTNO
    FROM DEPT
    WHERE DEPTNO IN(
        SELECT DEPTNO
        FROM STU
        WHERE NAME='WANG DONG');

/*(9)*/
SELECT STNO
    FROM STU X
    WHERE X.MACR>=ANY(
        SELECT MACR
        FROM STU Y
        WHERE Y.STNO=X.MONIT);

/*(10)*/
SELECT STNO,NAME
    FROM STU,DEPT
    WHERE STU.DEPTNO=DEPT.DEPTNO AND STU.DEPTNO IN(
        SELECT DEPTNO
        FROM TEACHER
        WHERE NAME='ZHANG SAN');

/*(11)*/
SELECT NAME,DNAME
    FROM TEACHER, DEPT X
    WHERE TEACHER.DEPTNO=X.DEPTNO AND WDATE<ANY(
        SELECT WDATE
        FROM TEACHER Y
        WHERE X.HEAD=Y.TNO);

/*
CREATE VIEW EE_STU
AS SELECT STU.STNO,STU.NAME,STU.AGE,STU.MONIT,MACR,MICR,STU.EDATE,STU.DEPTNO
    FROM STU,DEPT
    WHERE DNAME='电子系'

CREATE VIEW DEPT_VIEW
AS SELECT DEPT.DEPTNO,DEPT.DNAME,NAME
    FROM DEPT,TEACHER
    WHERE HEAD=TNO
*/

SELECT *
    FROM EE_STU X
    WHERE X.MACR =ANY(
        SELECT MAX(Y.MACR)
        FROM EE_STU Y);

SELECT *
    FROM DEPT_VIEW;

DROP VIEW EE_STU;
DROP VIEW DEPT_VIEW;




